{
  "Character entropy": {
    "auc": 0.7220462470111426,
    "flipped": true,
    "det1": 0.5339233038348082,
    "det5": 0.6666666666666666
  },
  "Special char ratio": {
    "auc": 0.7275794881842623,
    "flipped": false,
    "det1": 0.19469026548672566,
    "det5": 0.20648967551622419
  },
  "Regex (hex only)": {
    "auc": 0.7286135693215339,
    "flipped": false,
    "det1": 0.45722713864306785,
    "det5": 0.45722713864306785
  },
  "Regex (keywords only)": {
    "auc": 0.8172071101241986,
    "flipped": false,
    "det1": 0.038348082595870206,
    "det5": 0.7138643067846607
  },
  "Regex (9 patterns, weighted)": {
    "auc": 0.957034835835084,
    "flipped": false,
    "det1": 0.8790560471976401,
    "det5": 0.8967551622418879
  },
  "Sentence delta only": {
    "auc": 0.8511431132010435,
    "flipped": false,
    "det1": 0.7168141592920354,
    "det5": 0.7168141592920354
  },
  "Paragraph delta only": {
    "auc": 0.530389286193747,
    "flipped": false,
    "det1": 0.061946902654867256,
    "det5": 0.061946902654867256
  }
}