{
  "auc_dist_only": 0.7139332455271454,
  "auc_sent_para_alone": 0.8556223172851198,
  "auc_all_three": 0.8695751559285505,
  "n_obf": 339,
  "n_ben": 813
}