{
  "0.5": {
    "auc": 0.8452724350252351,
    "f1": 0.8177172061328791,
    "threshold": 0.0,
    "direction": ">",
    "sep": 20.271792376861587,
    "ben_mean": 0.4380228382107777,
    "obf_mean": 20.709815215072364,
    "ben_std": 4.431424167553451,
    "obf_std": 16.43568631822953,
    "optimal_fpr": 0.00984009840098401,
    "optimal_tpr": 0.7079646017699115
  },
  "1.0": {
    "auc": 0.8452071246376179,
    "f1": 0.8177172061328791,
    "threshold": 0.0,
    "direction": ">",
    "sep": 20.1271570331533,
    "ben_mean": 0.4305188647055538,
    "obf_mean": 20.557675897858854,
    "ben_std": 4.337026300683401,
    "obf_std": 16.199337991306372,
    "optimal_fpr": 0.00984009840098401,
    "optimal_tpr": 0.7079646017699115
  },
  "1.5": {
    "auc": 0.845178097798677,
    "f1": 0.8177172061328791,
    "threshold": 0.0,
    "direction": ">",
    "sep": 20.076356951860987,
    "ben_mean": 0.4305188647055538,
    "obf_mean": 20.50687581656654,
    "ben_std": 4.337026300683401,
    "obf_std": 16.124057542344964,
    "optimal_fpr": 0.00984009840098401,
    "optimal_tpr": 0.7079646017699115
  },
  "2.0": {
    "auc": 0.845178097798677,
    "f1": 0.8177172061328791,
    "threshold": 0.0,
    "direction": ">",
    "sep": 20.076356944257828,
    "ben_mean": 0.4305188647055538,
    "obf_mean": 20.506875808963382,
    "ben_std": 4.337026300683401,
    "obf_std": 16.124057528014223,
    "optimal_fpr": 0.00984009840098401,
    "optimal_tpr": 0.7079646017699115
  }
}