{
  "nvidia/nv-embedqa-e5-v5": {
    "auc": 0.8494627803420892,
    "f1": 0.8223552894211578,
    "threshold": 0.0,
    "sep": 13.061351135529515,
    "ben_mean": 0.4073622493579672,
    "obf_mean": 13.468713384887483,
    "ben_std": 4.1034512196116255,
    "obf_std": 13.67398179534816,
    "fpr": 0.00984009840098401,
    "tpr": 0.7177700348432056
  },
  "nvidia/llama-nemotron-embed-1b-v2": {
    "auc": 0.7342873428734288,
    "f1": 0.41040462427745666,
    "threshold": -62.25629524230957,
    "sep": 14.22297732230688,
    "ben_mean": 0.05682817625676867,
    "obf_mean": -14.166149146050111,
    "ben_std": 4.127710413154637,
    "obf_std": 24.24702489821985,
    "fpr": 0.004920049200492005,
    "tpr": 0.1289198606271777
  },
  "baai/bge-m3": {
    "auc": 0.8562771341999135,
    "f1": 0.4107013738250181,
    "threshold": -67.30240264892578,
    "sep": 21.20223401799769,
    "ben_mean": -0.5581884161279357,
    "obf_mean": -21.760422434125626,
    "ben_std": 5.6537252778398805,
    "obf_std": 18.516300929006803,
    "fpr": 0.0,
    "tpr": 0.0
  }
}